-- Orgs
insert into public.orgs (id, name, slug) values
  ('00000000-0000-0000-0000-000000000001', 'State University Theater', 'state-u-theater'),
  ('00000000-0000-0000-0000-000000000002', 'Riverside Regional Theater', 'riverside-regional');

-- Seasons
insert into public.seasons (id, org_id, name, slug) values
  ('10000000-0000-0000-0000-000000000001', '00000000-0000-0000-0000-000000000001', '2025–26 Season', '2025-26'),
  ('10000000-0000-0000-0000-000000000002', '00000000-0000-0000-0000-000000000001', '2024–25 Season', '2024-25'),
  ('10000000-0000-0000-0000-000000000003', '00000000-0000-0000-0000-000000000002', '2025–26 Season', '2025-26');

-- Shows
insert into public.shows (id, org_id, season_id, name, slug, approval_mode, allow_reopen) values
  ('20000000-0000-0000-0000-000000000001', '00000000-0000-0000-0000-000000000001', '10000000-0000-0000-0000-000000000001', 'Hamlet', 'hamlet', 'multi', true),
  ('20000000-0000-0000-0000-000000000002', '00000000-0000-0000-0000-000000000001', '10000000-0000-0000-0000-000000000001', 'The Tempest', 'the-tempest', 'single', false),
  ('20000000-0000-0000-0000-000000000003', '00000000-0000-0000-0000-000000000001', '10000000-0000-0000-0000-000000000002', 'King Lear', 'king-lear', 'multi', false),
  ('20000000-0000-0000-0000-000000000004', '00000000-0000-0000-0000-000000000002', '10000000-0000-0000-0000-000000000003', 'A Streetcar Named Desire', 'streetcar', 'single', true);

-- Departments
insert into public.departments (id, show_id, name) values
  ('30000000-0000-0000-0000-000000000001', '20000000-0000-0000-0000-000000000001', 'Scenic Design'),
  ('30000000-0000-0000-0000-000000000002', '20000000-0000-0000-0000-000000000001', 'Costume Design'),
  ('30000000-0000-0000-0000-000000000003', '20000000-0000-0000-0000-000000000001', 'Lighting Design'),
  ('30000000-0000-0000-0000-000000000004', '20000000-0000-0000-0000-000000000002', 'Scenic Design'),
  ('30000000-0000-0000-0000-000000000005', '20000000-0000-0000-0000-000000000002', 'Costume Design'),
  ('30000000-0000-0000-0000-000000000006', '20000000-0000-0000-0000-000000000003', 'Scenic Design'),
  ('30000000-0000-0000-0000-000000000007', '20000000-0000-0000-0000-000000000004', 'Costume Design');

-- Role definitions (org-level defaults)
insert into public.role_definitions (id, org_id, show_id, name, permissions) values
  ('40000000-0000-0000-0000-000000000001', '00000000-0000-0000-0000-000000000001', null, 'Director', '{can_approve,can_manage_members,can_manage_show}'),
  ('40000000-0000-0000-0000-000000000002', '00000000-0000-0000-0000-000000000001', null, 'Designer', '{can_upload}'),
  ('40000000-0000-0000-0000-000000000003', '00000000-0000-0000-0000-000000000002', null, 'Director', '{can_approve,can_manage_members,can_manage_show}'),
  ('40000000-0000-0000-0000-000000000004', '00000000-0000-0000-0000-000000000002', null, 'Designer', '{can_upload}');
